time,cpu_usage,memory_usage,net_upload,net_download
12:19:54,0.0,72.5,0.0,0.01
12:20:59,0.0,73.0,0.0,0.01
12:20:59,0.0,73.0,0.0,0.0
12:20:59,18.6,73.0,0.0,0.0
12:21:00,12.8,73.0,0.0,0.0
12:21:01,23.4,73.0,0.0,0.0
12:21:02,15.3,73.1,0.0,0.0
12:21:04,22.3,73.1,0.0,0.0
12:21:06,12.4,73.2,0.0,0.0
12:21:08,22.1,73.2,0.0,0.0
12:21:10,13.0,73.1,0.01,0.0
12:21:12,6.6,73.1,0.0,0.0
12:21:14,10.9,72.9,0.0,0.0
12:21:16,17.5,73.0,0.0,0.0
12:21:18,13.0,73.1,0.0,0.01
12:21:20,9.6,73.1,0.0,0.0
12:21:22,11.6,73.5,0.03,0.82
12:21:24,24.7,73.8,0.05,0.46
12:21:26,17.8,74.3,0.05,0.12
12:21:28,12.2,74.5,0.03,0.07
12:21:30,17.0,74.5,0.01,0.09
12:21:32,13.6,74.5,0.01,0.06
12:21:34,12.0,74.5,0.0,0.0
12:21:36,5.7,74.3,0.0,0.0
12:21:38,18.0,74.3,0.01,0.02
12:21:41,8.9,74.9,0.0,0.0
12:21:42,26.1,74.7,0.01,0.01
12:21:44,20.0,74.6,0.01,0.0
12:21:46,21.3,74.5,0.01,0.01
12:21:48,10.9,74.4,0.1,0.01
12:21:50,8.0,74.6,0.0,0.01
12:21:52,4.0,74.5,0.01,0.01
12:21:54,14.9,74.5,0.0,0.0
12:21:56,7.7,74.5,0.01,0.0
12:21:58,11.0,74.5,0.0,0.0
12:22:00,10.1,74.4,0.0,0.0
12:22:02,7.9,74.4,0.0,0.0
12:22:04,16.1,74.3,0.0,0.0
12:22:06,18.2,74.5,0.04,0.02
12:22:08,10.3,74.6,0.0,0.01
12:22:08,0.0,74.7,0.0,0.01
12:22:10,20.7,74.6,0.01,0.01
12:22:12,16.1,74.1,0.02,0.57
12:22:15,23.8,73.9,0.01,0.35
12:22:15,21.5,73.8,0.01,0.27
12:22:16,27.5,73.9,0.01,0.3
12:22:18,18.1,73.8,0.01,0.23
12:22:20,18.6,73.7,0.0,0.01
12:22:22,11.7,73.7,0.0,0.0
12:22:24,18.8,73.6,0.0,0.0
12:22:26,16.8,73.3,0.0,0.01
12:22:28,10.0,73.2,0.0,0.0
12:22:30,12.5,73.3,0.0,0.03
12:22:32,16.1,73.2,0.0,0.0
12:22:34,15.1,73.1,0.01,0.01
12:22:36,7.4,73.0,0.01,0.01
12:22:38,16.5,72.9,0.01,0.02
12:22:40,14.9,72.8,0.0,0.0
12:22:42,10.7,72.9,0.0,0.0
12:22:44,18.4,73.0,0.0,0.0
12:22:46,15.9,72.9,0.0,0.0
12:22:48,10.7,72.8,0.0,0.0
12:22:50,9.5,72.8,0.0,0.0
12:22:52,13.0,72.8,0.0,0.0
12:22:54,21.0,72.9,0.0,0.0
12:22:56,9.2,72.9,0.01,0.02
12:22:58,11.1,72.8,0.01,0.01
12:23:00,10.1,72.8,0.0,0.01
12:23:02,6.2,72.8,0.02,0.01
12:23:04,13.9,72.9,0.01,0.01
12:23:06,12.0,72.8,0.0,0.01
12:23:08,11.8,72.8,0.01,0.0
12:23:10,11.1,72.8,0.0,0.0
12:23:12,11.0,72.8,0.01,0.04
12:23:14,21.3,72.9,0.0,0.0
12:23:16,21.4,72.7,0.0,0.0
12:23:18,15.3,72.7,0.0,0.0
12:23:20,16.1,72.8,0.0,0.0
12:23:37,9.0,73.0,0.0,0.0
12:23:38,34.7,73.1,0.0,0.01
12:23:40,17.1,73.1,0.12,0.02
12:23:42,8.5,73.0,0.0,0.0
12:23:44,15.2,72.8,0.0,0.0
12:23:46,11.9,72.8,0.0,0.0
12:23:48,11.9,72.9,0.01,0.01
12:23:50,13.1,72.8,0.0,0.0
12:23:52,7.1,72.8,0.0,0.0
12:23:54,13.4,72.8,0.0,0.14
12:23:56,5.8,72.7,0.01,0.35
12:23:58,11.1,72.7,0.0,0.09
12:24:00,14.3,72.8,0.0,0.0
12:24:02,10.2,72.7,0.0,0.0
12:24:04,16.6,72.7,0.0,0.01
12:24:06,13.7,72.8,0.01,0.02
12:24:08,13.2,72.9,0.0,0.0
12:24:10,7.9,72.9,0.0,0.0
12:24:32,0.0,72.7,0.0,0.0
12:24:33,15.6,72.7,0.0,0.01
12:24:34,19.4,72.8,0.0,0.0
12:24:34,12.5,72.7,0.0,0.0
12:24:35,17.2,72.8,0.0,0.0
12:24:35,10.5,72.8,0.0,0.0
12:24:36,16.2,72.7,0.0,0.01
12:24:37,21.2,72.8,0.0,0.01
12:24:37,15.7,72.8,0.0,0.0
12:24:38,12.1,72.8,0.0,0.0
12:24:39,21.9,72.8,0.0,0.01
12:24:39,16.5,72.7,0.01,0.02
12:24:40,18.1,72.7,0.0,0.0
12:24:44,8.6,72.7,0.0,0.0
12:25:45,0.0,73.6,0.0,0.01
12:26:44,9.1,73.3,0.0,0.01
12:27:04,11.2,73.6,0.0,0.0
12:27:08,11.2,73.7,0.0,0.01
12:27:09,11.3,73.7,0.0,0.0
12:27:12,8.7,73.7,0.0,0.0
12:27:14,17.1,74.2,0.0,0.0
12:27:16,19.9,74.2,0.11,0.01
12:27:18,12.8,74.2,0.0,0.01
12:27:20,11.6,74.1,0.07,0.01
12:27:22,11.6,74.2,0.0,0.0
12:27:24,13.4,74.1,0.0,0.01
12:27:26,5.6,74.1,0.0,0.0
12:27:28,10.9,74.0,0.0,0.0
12:27:30,13.6,74.1,0.01,0.01
12:27:32,10.7,74.1,0.01,0.01
12:27:34,20.8,74.3,0.02,0.01
12:27:36,16.6,74.3,0.03,0.02
12:27:38,21.1,74.2,0.0,0.0
12:27:40,18.0,74.3,0.01,0.0
12:27:42,16.6,74.2,0.0,0.01
12:27:45,26.4,74.4,0.01,0.47
12:27:46,31.1,74.2,0.01,0.48
12:27:49,26.2,74.1,0.01,0.32
12:27:50,25.5,74.1,0.01,0.28
12:27:52,23.8,74.3,0.01,0.26
12:27:54,31.7,74.2,0.01,0.25
12:27:56,25.4,74.2,0.01,0.41
12:27:58,26.0,74.6,0.01,0.41
12:28:00,26.2,74.2,0.02,0.32
12:28:02,21.8,74.2,0.01,0.28
12:28:04,20.0,74.3,0.01,0.14
12:28:06,11.1,74.4,0.12,0.01
12:28:08,12.1,74.4,0.03,0.0
12:28:10,13.3,75.0,0.0,0.01
12:28:12,18.8,74.9,0.01,0.03
12:28:14,15.7,75.4,0.01,0.0
12:28:16,19.4,75.1,0.01,0.05
12:28:18,23.4,74.5,0.0,0.0
12:28:20,10.7,74.4,0.18,0.01
12:28:22,8.6,74.4,0.0,0.0
12:28:24,14.9,74.3,0.0,0.0
12:28:26,6.9,74.4,0.0,0.0
12:28:28,11.1,74.3,0.0,0.0
12:28:30,9.4,74.3,0.0,0.0
12:28:32,5.4,74.2,0.0,0.0
12:28:34,13.2,74.2,0.0,0.01
12:28:36,5.9,74.1,0.0,0.01
12:28:38,21.7,74.2,0.02,0.01
12:28:39,20.1,74.2,0.03,0.01
12:28:42,7.7,74.1,0.0,0.01
12:28:44,20.6,74.1,0.0,0.01
12:28:46,29.1,74.1,0.02,0.38
12:28:48,23.6,74.3,0.01,0.29
12:28:50,27.7,74.3,0.01,0.36
12:28:52,28.0,74.1,0.01,0.49
12:28:54,30.5,73.6,0.01,0.44
12:28:56,22.6,73.6,0.01,0.13
12:28:58,18.5,73.5,0.12,0.01
12:29:00,9.2,73.5,0.01,0.01
12:29:02,6.0,73.5,0.0,0.01
12:29:04,11.9,73.3,0.0,0.01
12:29:06,9.7,73.4,0.0,0.0
12:29:08,19.5,73.8,0.01,0.01
12:29:10,15.0,73.6,0.0,0.0
12:29:12,17.5,73.5,0.0,0.01
12:29:14,22.4,73.6,0.01,0.02
12:29:16,22.1,73.5,0.0,0.01
12:29:18,11.8,73.5,0.0,0.0
12:29:20,9.2,73.5,0.0,0.0
12:29:22,12.5,73.6,0.0,0.04
12:29:24,12.2,73.6,0.0,0.0
12:29:26,10.2,73.5,0.0,0.01
12:29:28,12.0,73.5,0.0,0.0
12:29:30,14.6,73.6,0.03,0.01
12:29:32,14.2,73.6,0.0,0.0
12:29:34,22.6,73.7,0.0,0.0
12:29:36,15.5,73.7,0.0,0.08
12:29:38,24.0,73.9,0.01,0.46
12:29:40,23.2,73.8,0.01,0.51
12:29:42,24.0,73.8,0.01,0.45
12:29:44,28.0,74.3,0.01,0.39
12:29:46,31.2,73.8,0.01,0.38
12:30:20,14.8,73.3,0.01,0.12
12:30:23,13.5,73.4,0.0,0.01
12:30:25,8.9,73.5,0.0,0.0
12:30:27,9.8,73.4,0.01,0.0
12:30:29,15.4,73.4,0.0,0.0
12:30:31,5.0,73.5,0.0,0.0
12:30:33,14.3,73.4,0.0,0.01
12:30:36,12.8,73.5,0.0,0.0
12:30:38,9.5,73.5,0.0,0.0
12:30:40,20.1,74.2,0.01,0.01
12:30:42,16.3,74.0,0.01,0.01
12:30:44,21.4,74.3,0.09,0.01
12:30:46,13.4,74.3,0.07,0.01
12:30:48,19.8,74.5,0.01,0.0
12:30:50,15.4,74.0,0.0,0.0
12:30:52,6.8,73.7,0.0,0.0
12:30:54,13.9,73.6,0.0,0.0
12:30:56,8.9,73.6,0.0,0.0
12:30:58,9.3,73.5,0.0,0.0
12:31:00,13.1,73.5,0.0,0.0
12:31:02,6.9,73.5,0.0,0.0
12:31:04,11.7,73.5,0.0,0.0
12:31:06,6.5,73.4,0.0,0.0
12:31:08,11.1,73.5,0.0,0.01
12:31:10,7.9,73.7,0.0,0.0
12:31:11,22.7,73.9,0.02,0.02
12:31:14,19.4,73.9,0.02,0.01
12:31:16,13.2,73.9,0.0,0.0
12:31:18,11.0,73.7,0.0,0.01
12:31:21,10.4,73.8,0.0,0.0
12:31:22,19.1,73.7,0.0,0.03
12:31:24,21.5,73.7,0.01,0.05
12:31:26,7.8,73.5,0.0,0.07
12:31:29,17.8,73.7,0.02,0.15
12:31:30,23.5,73.6,0.01,0.24
12:31:32,18.2,73.7,0.01,0.18
12:31:34,22.8,73.7,0.01,0.19
12:31:36,14.7,73.7,0.01,0.21
12:31:38,24.5,73.7,0.01,0.17
12:31:40,20.9,73.6,0.01,0.17
12:31:42,15.5,73.4,0.01,0.19
12:31:45,23.8,73.7,0.01,0.22
12:31:46,39.5,73.7,0.01,0.25
12:31:49,37.6,73.9,0.02,0.22
12:31:50,27.3,74.5,0.01,0.22
12:31:53,31.4,74.0,0.01,0.36
12:31:55,32.6,74.3,0.01,0.51
12:31:56,35.9,74.6,0.01,0.42
12:31:58,34.5,74.4,0.02,0.47
12:32:00,30.3,74.5,0.02,0.59
12:32:02,25.5,74.7,0.02,0.82
12:32:04,30.5,75.2,0.02,1.13
12:32:06,21.5,74.2,0.02,0.35
12:32:08,19.1,74.2,0.12,0.01
12:32:10,13.9,74.1,0.0,0.01
12:32:12,10.7,74.3,0.0,0.0
12:32:14,14.8,74.0,0.0,0.0
12:32:16,14.8,74.1,0.0,0.0
12:32:18,8.5,74.1,0.0,0.01
12:32:20,14.2,73.8,0.01,0.01
12:32:22,14.2,73.8,0.01,0.01
12:32:24,18.5,73.8,0.0,0.0
12:32:27,18.2,73.9,0.01,0.0
12:32:28,27.1,73.9,0.0,0.01
12:32:30,17.9,73.8,0.01,0.01
12:32:39,0.0,73.4,0.0,0.02
12:32:54,0.0,67.9,0.0,0.01
12:32:55,19.3,67.8,0.0,0.0
12:32:55,13.2,67.9,0.02,0.05
12:32:56,24.6,67.9,0.01,0.03
12:32:57,15.5,67.8,0.01,0.02
12:32:57,13.4,68.0,0.0,0.01
12:32:58,25.8,68.0,0.01,0.01
12:33:33,0.0,68.9,0.0,0.01
12:33:36,16.6,69.0,0.0,0.02
12:33:38,5.8,69.0,0.0,0.0
12:33:40,14.5,69.1,0.0,0.0
12:33:42,18.0,69.8,0.01,0.01
12:33:44,16.3,69.7,0.01,0.01
12:33:46,26.2,69.8,0.0,0.0
12:33:48,10.6,69.8,0.13,0.02
12:33:50,13.4,69.9,0.06,0.01
12:33:52,7.9,69.7,0.0,0.01
12:33:55,19.4,69.9,0.02,0.01
12:33:56,18.4,69.9,0.02,0.01
12:33:58,11.7,69.8,0.01,0.0
12:34:00,8.5,69.8,0.0,0.0
12:34:02,12.1,69.5,0.0,0.01
12:34:04,21.3,69.6,0.0,0.04
12:34:06,17.0,69.7,0.01,0.07
12:34:09,17.5,69.8,0.01,0.09
12:34:10,19.6,69.6,0.01,0.21
12:34:12,20.2,69.8,0.01,0.19
12:34:14,17.7,69.6,0.01,0.21
12:34:16,27.4,69.7,0.0,0.21
12:34:19,23.5,70.0,0.01,0.25
12:34:20,36.6,70.4,0.01,0.22
12:34:23,26.9,70.9,0.02,0.25
12:34:24,37.5,70.5,0.02,0.22
12:34:26,15.3,70.4,0.05,0.03
12:34:28,17.7,70.5,0.11,0.01
12:34:30,13.6,70.4,0.01,0.01
12:34:32,10.4,70.2,0.0,0.0
12:34:34,12.0,70.3,0.0,0.0
12:34:36,5.1,70.2,0.01,0.0
12:34:38,11.1,70.2,0.0,0.0
12:34:40,10.3,70.2,0.0,0.0
12:34:42,11.6,70.1,0.0,0.0
12:34:44,14.4,70.0,0.0,0.0
12:35:16,8.6,70.3,0.0,0.01
12:35:18,20.4,70.3,0.0,0.0
12:35:20,16.1,70.4,0.0,0.0
12:35:22,6.9,70.3,0.0,0.0
12:35:24,15.8,70.2,0.0,0.01
12:35:26,7.4,70.0,0.0,0.0
12:35:28,11.6,69.9,0.0,0.0
12:35:30,14.5,70.0,0.0,0.0
12:35:32,10.2,70.0,0.0,0.0
12:35:35,20.4,70.3,0.01,0.22
12:35:36,27.1,70.6,0.01,0.22
12:35:38,30.9,70.2,0.01,0.21
12:35:40,27.6,70.6,0.01,0.22
12:35:43,20.7,70.6,0.01,0.18
12:35:45,30.4,70.5,0.01,0.16
12:35:46,33.5,70.6,0.01,0.2
12:35:48,26.6,70.3,0.01,0.2
12:35:50,23.0,70.4,0.01,0.17
12:35:52,25.6,70.6,0.01,0.19
12:35:55,37.4,70.1,0.01,0.15
12:35:57,26.4,70.5,0.01,0.17
12:35:59,37.3,70.1,0.01,0.19
12:36:21,0.0,70.2,0.01,0.01
12:36:47,0.0,70.9,0.0,0.0
12:36:47,0.0,70.9,0.0,0.0
12:36:47,0.0,70.9,0.0,0.0
12:36:48,0.0,70.9,0.0,0.0
12:36:48,0.0,70.8,0.0,0.0
12:36:48,0.0,70.8,0.0,0.0
12:36:51,16.2,71.0,0.0,128.04
12:36:51,16.2,71.0,0.0,0.0
12:36:51,16.2,71.0,0.0,0.0
12:36:52,16.4,71.0,0.0,0.01
12:36:52,16.4,71.0,0.01,0.0
12:36:52,16.5,71.0,0.0,0.0
12:36:55,14.9,71.0,0.0,0.0
12:36:55,15.2,71.0,0.0,0.0
12:36:55,16.1,71.0,0.0,0.01
12:36:55,15.8,71.0,0.01,0.01
12:36:56,13.5,71.1,0.0,0.0
12:36:56,10.5,71.1,0.0,0.0
12:36:57,10.8,71.1,0.0,0.0
12:37:45,10.2,71.4,0.01,0.09
12:38:10,19.0,72.4,0.03,0.25
12:38:14,14.5,72.1,0.01,0.03
12:38:20,10.4,71.7,0.0,0.01
12:38:23,11.3,71.7,0.0,0.0
12:38:24,20.9,71.7,0.0,0.0
12:38:26,8.9,71.6,0.0,0.0
12:38:28,6.6,71.6,0.0,0.0
12:38:28,0.0,71.5,0.0,0.0
12:38:30,16.4,71.5,0.0,0.01
12:38:32,8.3,71.6,0.01,0.0
12:38:34,11.4,71.7,0.0,0.0
12:38:36,9.7,71.8,0.0,0.0
12:38:38,6.5,71.8,0.0,0.0
12:38:40,12.2,72.4,0.0,0.0
12:38:42,17.8,72.1,0.01,0.01
12:38:44,22.1,71.7,0.1,0.01
12:38:46,12.3,71.6,0.07,0.01
12:38:49,17.3,72.0,0.02,0.02
12:38:50,22.1,71.8,0.02,0.01
12:38:52,8.0,71.7,0.01,0.01
10:12:36,0.0,72.2,0.01,0.23
10:12:36,0.0,72.2,0.01,0.23
10:12:37,7.9,72.2,0.05,1.41
10:12:37,7.9,72.2,0.05,1.41
10:12:39,9.9,72.2,0.05,1.47
10:12:39,9.9,72.2,0.05,1.47
10:12:41,8.9,72.3,0.05,0.39
10:12:41,8.9,72.3,0.05,0.39
10:12:43,10.0,72.3,0.02,0.4
10:12:43,10.0,72.3,0.02,0.4
10:12:45,8.9,72.2,0.01,0.01
10:12:45,8.9,72.2,0.01,0.01
10:12:48,13.9,72.1,0.01,0.01
10:12:48,13.9,72.1,0.01,0.01
10:12:50,13.4,72.2,0.0,0.01
10:12:50,13.4,72.2,0.0,0.01
10:12:52,14.9,72.2,0.01,0.01
10:12:52,14.9,72.2,0.01,0.01
10:12:54,11.3,72.2,0.01,0.0
10:12:54,11.3,72.2,0.01,0.0
10:12:56,13.9,72.2,0.0,0.0
10:12:56,13.9,72.2,0.0,0.0
10:12:58,11.6,72.2,0.01,0.01
10:12:58,11.6,72.2,0.01,0.01
10:13:00,13.9,72.2,0.0,0.01
10:13:00,13.9,72.2,0.0,0.01
10:13:02,6.9,72.2,0.0,0.01
10:13:02,6.9,72.2,0.0,0.01
10:13:04,7.7,72.2,0.0,0.0
10:13:04,7.7,72.2,0.0,0.0
10:13:06,7.8,72.1,0.0,0.01
10:13:06,7.8,72.1,0.0,0.01
10:13:08,13.5,72.1,0.01,0.01
10:13:08,13.5,72.1,0.01,0.01
10:13:10,10.4,72.1,0.01,0.01
10:13:10,10.4,72.1,0.01,0.01
10:13:12,6.5,72.1,0.0,0.0
10:13:12,6.5,72.1,0.0,0.0
10:13:14,8.6,72.1,0.01,0.64
10:13:14,8.6,72.1,0.01,0.64
10:13:16,5.7,72.2,0.0,0.01
10:13:16,5.7,72.2,0.0,0.01
10:13:18,14.6,72.1,0.0,0.0
10:13:18,14.6,72.1,0.0,0.0
10:13:20,7.7,72.1,0.0,0.0
10:13:20,7.7,72.1,0.0,0.0
10:13:22,4.6,72.1,0.0,0.01
10:13:22,4.6,72.1,0.0,0.01
10:13:24,5.9,72.1,0.0,0.0
10:13:24,5.9,72.1,0.0,0.0
10:13:26,15.6,72.2,0.0,0.01
10:13:26,15.6,72.2,0.0,0.01
10:13:28,10.3,72.2,0.01,0.01
10:13:28,10.3,72.2,0.01,0.01
10:13:30,5.8,72.2,0.0,0.01
10:13:30,5.8,72.2,0.0,0.01
10:13:32,5.7,72.2,0.0,0.0
10:13:32,5.7,72.2,0.0,0.0
10:13:34,7.1,72.2,0.0,0.0
10:13:34,7.1,72.2,0.0,0.0
10:13:36,9.9,72.0,0.0,0.0
10:13:36,9.9,72.0,0.0,0.0
10:13:38,6.1,71.9,0.01,0.01
10:13:38,6.1,71.9,0.01,0.01
10:13:40,11.0,72.0,0.01,0.04
10:13:40,11.0,72.0,0.01,0.04
10:13:42,10.1,71.9,0.01,0.01
10:13:42,10.1,71.9,0.01,0.01
10:13:44,5.9,71.9,0.01,0.01
10:13:44,5.9,71.9,0.01,0.01
10:14:04,10.9,72.2,0.01,0.03
10:14:04,10.9,72.2,0.01,0.03
10:14:06,20.9,72.3,0.0,0.05
10:14:06,20.9,72.3,0.0,0.05
10:14:08,19.2,72.3,0.01,0.09
10:14:08,19.2,72.3,0.01,0.09
10:14:10,12.0,72.1,0.01,0.08
10:14:10,12.0,72.1,0.01,0.08
10:14:12,14.1,72.2,0.01,0.06
10:14:12,14.1,72.2,0.01,0.06
10:14:14,7.5,72.1,0.01,0.01
10:14:14,7.5,72.1,0.01,0.01
10:14:16,10.2,72.4,0.01,0.0
10:14:16,10.2,72.4,0.01,0.0
10:14:18,22.3,72.2,0.0,0.01
10:14:18,22.3,72.2,0.0,0.01
10:14:20,12.9,72.1,0.01,0.01
10:14:20,12.9,72.1,0.01,0.01
10:14:22,11.1,72.1,0.01,0.0
10:14:22,11.1,72.1,0.01,0.0
10:14:24,12.2,72.2,0.0,0.0
10:14:24,12.2,72.2,0.0,0.0
10:14:26,17.3,72.2,0.0,0.0
10:14:26,17.3,72.2,0.0,0.0
10:14:28,8.3,72.3,0.01,0.01
10:14:28,8.3,72.3,0.01,0.01
10:15:09,0.0,72.1,0.0,0.01
10:15:09,0.0,72.1,0.0,0.01
10:15:11,9.4,72.3,0.01,0.01
10:15:11,9.4,72.3,0.01,0.01
10:15:12,22.0,72.3,0.01,0.01
10:15:12,22.0,72.3,0.01,0.01
10:15:13,8.5,72.3,0.01,0.01
10:15:13,8.5,72.3,0.01,0.01
10:15:16,13.2,72.3,0.0,0.0
10:15:16,13.2,72.3,0.0,0.0
10:15:18,13.2,72.2,0.01,0.01
10:15:18,13.2,72.2,0.01,0.01
10:15:20,8.4,72.1,0.0,0.0
10:15:20,8.4,72.1,0.0,0.0
10:15:22,9.1,72.1,0.0,0.0
10:15:22,9.1,72.1,0.0,0.0
10:15:24,7.3,72.0,0.0,0.0
10:15:24,7.3,72.0,0.0,0.0
10:15:26,7.2,72.0,0.01,0.01
10:15:26,7.2,72.0,0.01,0.01
10:15:28,6.5,72.0,0.05,1.42
10:15:28,6.5,72.0,0.05,1.42
10:15:30,10.0,72.0,0.05,1.6
10:15:30,10.0,72.0,0.05,1.6
10:15:32,10.4,72.1,0.07,1.73
10:15:32,10.4,72.1,0.07,1.73
10:15:33,15.7,72.3,0.06,1.84
10:15:33,15.7,72.3,0.06,1.84
10:15:36,17.7,72.5,0.04,1.21
10:15:36,17.7,72.5,0.04,1.21
10:15:38,24.6,68.2,0.04,1.38
10:15:38,24.6,68.2,0.04,1.38
10:15:41,17.5,66.9,0.02,0.43
10:15:41,17.5,66.9,0.02,0.43
10:15:42,21.6,66.9,0.07,1.51
10:15:42,21.6,66.9,0.07,1.51
10:15:44,13.5,67.0,0.05,1.33
10:15:44,13.5,67.0,0.05,1.33
10:15:46,16.3,67.1,0.06,1.39
10:15:46,16.3,67.1,0.06,1.39
10:15:48,17.1,66.9,0.06,0.95
10:15:48,17.1,66.9,0.06,0.95
10:15:50,8.9,66.9,0.02,0.04
10:15:50,8.9,66.9,0.02,0.04
10:15:52,9.4,66.9,0.01,0.01
10:15:52,9.4,66.9,0.01,0.01
10:15:54,7.5,66.9,0.01,0.01
10:15:54,7.5,66.9,0.01,0.01
10:15:57,10.8,66.8,0.01,0.01
10:15:57,10.8,66.8,0.01,0.01
10:15:58,16.9,66.7,0.01,0.01
10:15:58,16.9,66.7,0.01,0.01
10:16:00,14.6,66.7,0.01,0.01
10:16:00,14.6,66.7,0.01,0.01
10:16:02,11.3,66.7,0.0,0.01
10:16:02,11.3,66.7,0.0,0.01
10:16:04,8.9,66.7,0.01,0.01
10:16:04,8.9,66.7,0.01,0.01
10:16:06,8.0,66.7,0.01,0.01
10:16:06,8.0,66.7,0.01,0.01
10:16:08,8.6,66.7,0.01,0.04
10:16:08,8.6,66.7,0.01,0.04
10:16:10,13.0,66.8,0.0,0.0
10:16:10,13.0,66.8,0.0,0.0
10:16:12,13.1,66.9,0.02,0.21
10:16:12,13.1,66.9,0.02,0.21
10:16:14,12.7,66.9,0.01,0.01
10:16:14,12.7,66.9,0.01,0.01
10:16:16,9.7,67.4,0.01,0.01
10:16:16,9.7,67.4,0.01,0.01
10:16:18,29.3,68.2,0.01,0.01
10:16:18,29.3,68.2,0.01,0.01
10:16:20,17.1,67.9,0.02,0.01
10:16:20,17.1,67.9,0.02,0.01
10:16:22,16.1,67.9,0.02,0.02
10:16:22,16.1,67.9,0.02,0.02
10:16:24,7.9,67.9,0.0,0.01
10:16:24,7.9,67.9,0.0,0.01
10:16:26,11.0,68.0,0.01,0.01
10:16:26,11.0,68.0,0.01,0.01
10:16:28,20.3,67.9,0.01,0.01
10:16:28,20.3,67.9,0.01,0.01
10:16:30,13.4,67.8,0.01,0.01
10:16:30,13.4,67.8,0.01,0.01
10:16:32,9.1,68.0,0.01,0.01
10:16:32,9.1,68.0,0.01,0.01
10:16:34,20.4,68.1,0.01,0.02
10:16:34,20.4,68.1,0.01,0.02
10:16:36,12.6,67.9,0.01,0.01
10:16:36,12.6,67.9,0.01,0.01
10:16:38,15.4,68.1,0.01,0.01
10:16:38,15.4,68.1,0.01,0.01
10:16:40,8.2,68.1,0.01,0.02
10:16:40,8.2,68.1,0.01,0.02
10:16:42,10.3,68.0,0.01,0.01
10:16:42,10.3,68.0,0.01,0.01
10:16:44,11.6,68.1,0.01,0.01
10:16:44,11.6,68.1,0.01,0.01
10:16:47,26.1,68.8,0.01,0.01
10:16:47,26.1,68.8,0.01,0.01
10:16:48,23.3,68.4,0.02,0.01
10:16:48,23.3,68.4,0.02,0.01
10:16:50,14.3,68.4,0.04,0.05
10:16:50,14.3,68.4,0.04,0.05
10:16:52,11.7,68.5,0.04,0.01
10:16:52,11.7,68.5,0.04,0.01
10:16:54,8.6,68.2,0.01,0.01
10:16:54,8.6,68.2,0.01,0.01
10:16:56,9.4,68.3,0.01,0.01
10:16:56,9.4,68.3,0.01,0.01
10:16:58,7.8,68.2,0.01,0.01
10:16:58,7.8,68.2,0.01,0.01
10:17:00,13.1,68.3,0.01,0.01
10:17:00,13.1,68.3,0.01,0.01
10:17:02,19.6,68.4,0.03,0.02
10:17:02,19.6,68.4,0.03,0.02
10:17:04,20.5,68.5,0.01,0.01
10:17:04,20.5,68.5,0.01,0.01
10:31:08,0.0,75.8,0.02,0.09
10:31:08,0.0,75.8,0.02,0.09
10:31:11,14.6,75.9,0.03,0.03
10:31:11,14.6,75.9,0.03,0.03
10:31:15,13.3,76.6,0.01,0.01
10:31:15,13.3,76.6,0.01,0.01
10:31:17,20.2,76.5,0.01,0.01
10:31:17,20.2,76.5,0.01,0.01
10:31:19,20.3,76.6,0.01,0.01
10:31:19,20.3,76.6,0.01,0.01
10:31:21,11.9,76.4,0.07,0.01
10:31:21,11.9,76.4,0.07,0.01
10:31:23,13.8,76.5,0.0,0.01
10:31:23,13.8,76.5,0.0,0.01
10:31:27,13.7,76.6,0.0,0.01
10:31:27,13.7,76.6,0.0,0.01
10:31:29,11.9,76.5,0.0,0.01
10:31:29,11.9,76.5,0.0,0.01
10:31:31,17.6,77.0,0.02,0.01
10:31:31,17.6,77.0,0.02,0.01
10:31:33,21.7,76.5,0.01,0.01
10:31:33,21.7,76.5,0.01,0.01
10:31:35,13.9,76.5,0.01,0.01
10:31:35,13.9,76.5,0.01,0.01
10:31:37,8.0,76.4,0.09,1.16
10:31:37,8.0,76.4,0.09,1.16
10:31:39,12.0,76.4,0.05,1.68
10:31:39,12.0,76.4,0.05,1.68
10:31:41,7.2,76.3,0.04,1.04
10:31:41,7.2,76.3,0.04,1.04
10:31:43,10.5,76.5,0.06,1.97
10:31:43,10.5,76.5,0.06,1.97
10:31:45,9.4,76.6,0.04,1.06
10:31:45,9.4,76.6,0.04,1.06
10:31:47,11.8,76.5,0.05,1.55
10:31:47,11.8,76.5,0.05,1.55
10:31:49,16.6,76.8,0.06,1.68
10:31:49,16.6,76.8,0.06,1.68
10:31:51,18.2,76.9,0.06,0.98
10:31:51,18.2,76.9,0.06,0.98
10:31:53,21.3,76.8,0.06,0.86
10:31:53,21.3,76.8,0.06,0.86
10:31:55,18.0,76.7,0.03,0.53
10:31:55,18.0,76.7,0.03,0.53
10:31:58,7.4,76.7,0.01,0.01
10:31:58,7.4,76.7,0.01,0.01
10:31:59,25.3,76.7,0.01,0.01
10:31:59,25.3,76.7,0.01,0.01
10:32:01,27.0,76.8,0.01,0.65
10:32:01,27.0,76.8,0.01,0.65
10:32:03,23.3,76.8,0.0,0.14
10:32:03,23.3,76.8,0.0,0.14
10:32:06,20.2,76.8,0.01,0.19
10:32:06,20.2,76.8,0.01,0.19
10:32:07,20.3,76.5,0.01,0.16
10:32:07,20.3,76.5,0.01,0.16
10:32:09,21.2,76.5,0.01,0.2
10:32:09,21.2,76.5,0.01,0.2
10:32:12,23.5,77.0,0.01,0.17
10:32:12,23.5,77.0,0.01,0.17
10:32:14,45.4,77.0,0.01,0.15
10:32:14,45.4,77.0,0.01,0.15
10:32:16,32.2,77.1,0.01,0.14
10:32:16,32.2,77.1,0.01,0.14
10:32:18,46.2,77.1,0.01,0.17
10:32:18,46.2,77.1,0.01,0.17
10:32:20,43.0,77.3,0.04,0.63
10:32:20,43.0,77.3,0.04,0.63
10:32:22,31.2,76.7,0.03,0.72
10:32:22,31.2,76.7,0.03,0.72
10:32:24,35.5,77.0,0.04,0.55
10:32:24,35.5,77.0,0.04,0.55
10:32:26,37.2,76.8,0.02,0.51
10:32:26,37.2,76.8,0.02,0.51
10:32:28,30.2,76.9,0.02,0.15
10:32:28,30.2,76.9,0.02,0.15
10:32:30,26.0,76.8,0.01,0.15
10:32:30,26.0,76.8,0.01,0.15
10:32:31,23.0,76.7,0.01,0.18
10:32:31,23.0,76.7,0.01,0.18
10:32:33,24.3,76.8,0.01,0.25
10:32:33,24.3,76.8,0.01,0.25
10:32:35,16.6,76.9,0.13,0.01
10:32:35,16.6,76.9,0.13,0.01
10:32:37,12.3,76.7,0.0,0.0
10:32:37,12.3,76.7,0.0,0.0
10:32:39,9.7,76.8,0.01,0.01
10:32:39,9.7,76.8,0.01,0.01
10:32:41,6.9,76.7,0.01,0.01
10:32:41,6.9,76.7,0.01,0.01
10:32:43,19.2,77.0,0.01,0.01
10:32:43,19.2,77.0,0.01,0.01
10:32:45,14.6,76.9,0.01,0.01
10:32:45,14.6,76.9,0.01,0.01
10:32:47,22.0,76.8,0.01,0.01
10:32:47,22.0,76.8,0.01,0.01
10:32:49,18.7,76.3,0.01,0.02
10:32:49,18.7,76.3,0.01,0.02
10:32:51,9.9,76.4,0.01,0.01
10:32:51,9.9,76.4,0.01,0.01
10:33:38,0.0,76.7,0.01,0.01
10:33:38,0.0,76.7,0.01,0.01
10:34:38,21.0,77.2,0.01,0.11
10:34:38,21.0,77.2,0.01,0.11
10:50:10,0.0,76.7,0.01,0.01
10:50:10,0.0,76.7,0.01,0.01
10:50:11,19.6,76.6,0.01,0.03
10:50:11,19.6,76.6,0.01,0.03
10:50:15,11.2,76.6,0.01,0.01
10:50:15,11.2,76.6,0.01,0.01
10:50:22,13.7,76.6,0.01,0.01
10:50:22,13.7,76.6,0.01,0.01
10:50:24,11.0,76.6,0.0,0.01
10:50:24,11.0,76.6,0.0,0.01
10:50:31,11.5,76.5,0.01,0.01
10:50:31,11.5,76.5,0.01,0.01
10:50:33,12.8,76.6,0.0,0.01
10:50:33,12.8,76.6,0.0,0.01
10:50:35,14.9,76.6,0.0,0.01
10:50:35,14.9,76.6,0.0,0.01
10:50:37,11.6,76.5,0.0,0.01
10:50:37,11.6,76.5,0.0,0.01
10:50:39,14.1,76.5,0.0,0.01
10:50:39,14.1,76.5,0.0,0.01
10:50:41,15.7,76.5,0.0,0.0
10:50:41,15.7,76.5,0.0,0.0
10:50:43,12.7,75.7,0.0,0.0
10:50:43,12.7,75.7,0.0,0.0
10:50:45,9.7,75.8,0.0,0.0
10:50:45,9.7,75.8,0.0,0.0
10:50:47,15.6,75.6,0.0,0.0
10:50:47,15.6,75.6,0.0,0.0
10:50:49,10.5,75.7,0.0,0.0
10:50:49,10.5,75.7,0.0,0.0
10:50:51,15.3,75.8,0.0,0.0
10:50:51,15.3,75.8,0.0,0.0
10:50:53,22.0,75.8,0.0,0.0
10:50:53,22.0,75.8,0.0,0.0
10:50:55,9.3,75.8,0.0,0.0
10:50:55,9.3,75.8,0.0,0.0
10:50:57,11.4,75.7,0.0,0.0
10:50:57,11.4,75.7,0.0,0.0
10:50:59,12.2,75.6,0.01,0.01
10:50:59,12.2,75.6,0.01,0.01
10:51:01,10.4,75.6,0.0,0.0
10:51:01,10.4,75.6,0.0,0.0
10:51:03,9.8,75.6,0.0,0.0
10:51:03,9.8,75.6,0.0,0.0
10:51:05,9.9,75.6,0.0,0.0
10:51:05,9.9,75.6,0.0,0.0
10:51:07,10.2,75.6,0.0,0.0
10:51:07,10.2,75.6,0.0,0.0
10:51:09,11.3,75.6,0.0,0.0
10:51:09,11.3,75.6,0.0,0.0
10:51:11,10.2,75.6,0.0,0.01
10:51:11,10.2,75.6,0.0,0.01
10:51:13,12.8,75.5,0.01,0.01
10:51:13,12.8,75.5,0.01,0.01
10:51:15,15.0,75.5,0.01,0.05
10:51:15,15.0,75.5,0.01,0.05
10:51:17,16.0,75.4,0.0,0.0
10:51:17,16.0,75.4,0.0,0.0
10:51:19,13.6,75.5,0.01,0.01
10:51:19,13.6,75.5,0.01,0.01
10:51:21,10.1,75.7,0.01,0.01
10:51:21,10.1,75.7,0.01,0.01
10:51:23,20.5,75.8,0.03,0.02
10:51:23,20.5,75.8,0.03,0.02
10:51:25,21.6,75.8,0.01,0.01
10:51:25,21.6,75.8,0.01,0.01
10:51:27,9.1,75.8,0.0,0.0
10:51:27,9.1,75.8,0.0,0.0
10:51:29,9.9,75.5,0.01,0.59
10:51:29,9.9,75.5,0.01,0.59
10:51:31,16.8,75.4,0.01,0.24
10:51:31,16.8,75.4,0.01,0.24
10:51:33,23.8,75.6,0.01,0.18
10:51:33,23.8,75.6,0.01,0.18
10:51:35,15.6,75.5,0.01,0.18
10:51:35,15.6,75.5,0.01,0.18
10:51:37,13.8,75.5,0.01,0.17
10:51:37,13.8,75.5,0.01,0.17
10:51:39,17.7,75.6,0.01,0.14
10:51:39,17.7,75.6,0.01,0.14
10:51:41,16.1,75.6,0.01,0.2
10:51:41,16.1,75.6,0.01,0.2
10:51:43,18.0,75.4,0.01,0.16
10:51:43,18.0,75.4,0.01,0.16
10:51:45,19.0,75.4,0.01,0.14
10:51:45,19.0,75.4,0.01,0.14
10:51:48,26.4,75.6,0.04,0.2
10:51:48,26.4,75.6,0.04,0.2
10:51:49,44.9,75.8,0.04,1.0
10:51:49,44.9,75.8,0.04,1.0
10:51:51,24.5,75.9,0.02,0.72
10:51:51,24.5,75.9,0.02,0.72
10:51:53,26.0,75.8,0.01,0.22
10:51:53,26.0,75.8,0.01,0.22
10:51:55,22.1,75.8,0.14,0.05
10:51:55,22.1,75.8,0.14,0.05
10:51:57,10.6,75.7,0.0,0.0
10:51:57,10.6,75.7,0.0,0.0
10:51:59,8.6,75.8,0.01,0.01
10:51:59,8.6,75.8,0.01,0.01
10:52:01,8.1,75.8,0.0,0.0
10:52:01,8.1,75.8,0.0,0.0
10:52:03,12.5,75.7,0.0,0.0
10:52:03,12.5,75.7,0.0,0.0
10:52:05,8.1,75.7,0.0,0.0
10:52:05,8.1,75.7,0.0,0.0
10:52:07,10.0,75.7,0.0,0.0
10:52:07,10.0,75.7,0.0,0.0
10:52:09,14.9,75.7,0.0,0.0
10:52:09,14.9,75.7,0.0,0.0
10:52:11,18.1,75.7,0.01,0.01
10:52:11,18.1,75.7,0.01,0.01
10:52:13,16.8,75.8,0.0,0.0
10:52:13,16.8,75.8,0.0,0.0
10:52:15,11.8,75.9,0.0,0.01
10:52:15,11.8,75.9,0.0,0.01
10:52:17,15.6,75.5,0.0,0.0
10:52:17,15.6,75.5,0.0,0.0
10:52:19,12.8,75.5,0.0,0.0
10:52:19,12.8,75.5,0.0,0.0
10:52:21,11.8,75.4,0.0,0.01
10:52:21,11.8,75.4,0.0,0.01
10:52:23,7.8,75.2,0.0,0.0
10:52:23,7.8,75.2,0.0,0.0
10:52:25,7.3,75.3,0.0,0.0
10:52:25,7.3,75.3,0.0,0.0
10:52:27,9.1,75.3,0.06,1.1
10:52:27,9.1,75.3,0.06,1.1
10:52:29,10.3,75.3,0.06,1.45
10:52:29,10.3,75.3,0.06,1.45
10:52:31,11.7,75.4,0.07,1.88
10:52:31,11.7,75.4,0.07,1.88
10:52:33,9.3,75.2,0.05,1.54
10:52:33,9.3,75.2,0.05,1.54
10:52:35,12.6,75.2,0.07,2.25
10:52:35,12.6,75.2,0.07,2.25
10:52:37,13.6,75.3,0.07,2.05
10:52:37,13.6,75.3,0.07,2.05
10:52:39,14.3,75.3,0.04,1.35
10:52:39,14.3,75.3,0.04,1.35
10:52:42,13.7,75.4,0.05,1.56
10:52:42,13.7,75.4,0.05,1.56
10:52:43,25.5,75.6,0.06,1.77
10:52:43,25.5,75.6,0.06,1.77
10:52:45,19.6,75.6,0.07,1.87
10:52:45,19.6,75.6,0.07,1.87
10:52:47,19.8,75.6,0.04,0.35
10:52:47,19.8,75.6,0.04,0.35
10:53:37,9.2,74.8,0.01,0.04
10:53:37,9.2,74.8,0.01,0.04
10:53:39,20.0,75.1,0.02,0.01
10:53:39,20.0,75.1,0.02,0.01
10:53:40,15.8,75.1,0.01,0.01
10:53:40,15.8,75.1,0.01,0.01
10:53:44,10.9,74.9,0.01,0.01
10:53:44,10.9,74.9,0.01,0.01
10:54:34,9.6,75.6,0.01,0.01
10:54:34,9.6,75.6,0.01,0.01
10:54:36,12.5,75.6,0.0,0.0
10:54:36,12.5,75.6,0.0,0.0
10:54:38,13.0,75.6,0.0,0.01
10:54:38,13.0,75.6,0.0,0.01
10:54:46,7.6,75.7,0.0,0.0
10:54:46,7.6,75.7,0.0,0.0
10:54:48,22.2,75.7,0.01,0.01
10:54:48,22.2,75.7,0.01,0.01
10:54:50,17.3,75.8,0.01,0.01
10:54:50,17.3,75.8,0.01,0.01
10:54:52,10.9,75.7,0.0,0.01
10:54:52,10.9,75.7,0.0,0.01
10:54:54,11.4,75.7,0.01,0.02
10:54:54,11.4,75.7,0.01,0.02
10:54:56,10.9,75.7,0.0,0.0
10:54:56,10.9,75.7,0.0,0.0
10:54:58,12.5,75.7,0.0,0.01
10:54:58,12.5,75.7,0.0,0.01
10:55:00,10.7,75.7,0.01,0.01
10:55:00,10.7,75.7,0.01,0.01
10:55:02,7.9,75.6,0.0,0.0
10:55:02,7.9,75.6,0.0,0.0
10:55:04,11.4,75.6,0.0,0.0
10:55:04,11.4,75.6,0.0,0.0
10:55:06,13.2,75.6,0.0,0.0
10:55:06,13.2,75.6,0.0,0.0
10:55:08,10.0,75.7,0.01,0.06
10:55:08,10.0,75.7,0.01,0.06
10:55:10,11.1,75.7,0.01,0.02
10:55:10,11.1,75.7,0.01,0.02
10:55:12,19.6,75.8,0.02,0.02
10:55:12,19.6,75.8,0.02,0.02
10:55:14,11.5,75.2,0.0,0.0
10:55:14,11.5,75.2,0.0,0.0
10:55:16,23.1,75.4,0.0,0.0
10:55:16,23.1,75.4,0.0,0.0
10:55:18,16.2,75.3,0.0,0.0
10:55:18,16.2,75.3,0.0,0.0
10:55:20,11.7,75.4,0.01,0.01
10:55:20,11.7,75.4,0.01,0.01
10:55:22,11.2,75.4,0.02,0.01
10:55:22,11.2,75.4,0.02,0.01
10:55:24,22.3,75.4,0.01,0.01
10:55:24,22.3,75.4,0.01,0.01
10:55:26,21.9,75.4,0.0,0.0
10:55:26,21.9,75.4,0.0,0.0
10:55:28,24.0,75.6,0.02,0.47
10:55:28,24.0,75.6,0.02,0.47
10:55:30,23.2,75.6,0.02,0.3
10:55:30,23.2,75.6,0.02,0.3
10:55:32,18.7,75.5,0.01,0.09
10:55:32,18.7,75.5,0.01,0.09
10:55:34,24.8,75.5,0.01,0.2
10:55:34,24.8,75.5,0.01,0.2
10:55:36,26.4,75.4,0.01,0.18
10:55:36,26.4,75.4,0.01,0.18
10:55:38,23.7,75.6,0.01,0.14
10:55:38,23.7,75.6,0.01,0.14
10:55:40,21.7,75.3,0.01,0.14
10:55:40,21.7,75.3,0.01,0.14
10:55:42,23.6,75.4,0.0,0.17
10:55:42,23.6,75.4,0.0,0.17
10:55:44,28.3,74.4,0.0,0.19
10:55:44,28.3,74.4,0.0,0.19
10:55:46,25.3,74.4,0.04,0.38
10:55:46,25.3,74.4,0.04,0.38
10:55:48,35.9,74.2,0.04,1.2
10:55:48,35.9,74.2,0.04,1.2
10:55:50,26.5,74.2,0.02,0.3
10:55:50,26.5,74.2,0.02,0.3
10:55:52,30.7,74.2,0.01,0.13
10:55:52,30.7,74.2,0.01,0.13
10:55:54,25.4,74.2,0.01,0.15
10:55:54,25.4,74.2,0.01,0.15
10:55:56,33.7,74.1,0.01,0.16
10:55:56,33.7,74.1,0.01,0.16
10:55:58,32.4,74.1,0.01,0.19
10:55:58,32.4,74.1,0.01,0.19
10:56:00,28.9,74.1,0.01,0.16
10:56:00,28.9,74.1,0.01,0.16
10:56:02,28.2,74.1,0.01,0.15
10:56:02,28.2,74.1,0.01,0.15
10:56:04,28.9,74.1,0.02,0.2
10:56:04,28.9,74.1,0.02,0.2
10:56:06,27.8,74.1,0.01,0.22
10:56:06,27.8,74.1,0.01,0.22
10:56:08,19.1,74.3,0.14,0.06
10:56:08,19.1,74.3,0.14,0.06
10:56:10,9.1,74.3,0.0,0.01
10:56:10,9.1,74.3,0.0,0.01
10:56:12,12.3,74.4,0.01,0.01
10:56:12,12.3,74.4,0.01,0.01
10:56:14,11.4,74.4,0.01,0.01
10:56:14,11.4,74.4,0.01,0.01
10:56:37,8.7,73.8,0.01,0.01
10:56:37,8.7,73.8,0.01,0.01
10:57:37,10.6,74.1,0.02,0.42
10:57:37,10.6,74.1,0.02,0.42
10:58:38,0.0,73.5,0.0,0.0
10:58:38,0.0,73.5,0.0,0.0
10:59:38,0.0,76.2,0.0,0.0
10:59:38,0.0,76.2,0.0,0.0
11:00:37,11.4,77.0,0.01,0.24
11:00:37,11.4,77.0,0.01,0.24
11:01:16,12.5,75.9,0.02,0.57
11:01:16,12.5,75.9,0.02,0.57
11:01:20,17.0,75.9,0.01,0.01
11:01:20,17.0,75.9,0.01,0.01
11:01:22,11.7,75.9,0.01,0.01
11:01:22,11.7,75.9,0.01,0.01
11:01:24,12.1,76.0,0.01,0.01
11:01:24,12.1,76.0,0.01,0.01
11:01:26,15.5,76.0,0.01,0.07
11:01:26,15.5,76.0,0.01,0.07
11:01:28,16.0,75.7,0.0,0.0
11:01:28,16.0,75.7,0.0,0.0
11:01:31,13.6,76.3,0.01,0.01
11:01:31,13.6,76.3,0.01,0.01
11:01:32,25.9,76.3,0.02,0.02
11:01:32,25.9,76.3,0.02,0.02
11:01:34,16.7,76.0,0.01,0.01
11:01:34,16.7,76.0,0.01,0.01
11:01:36,20.0,76.2,0.1,0.01
11:01:36,20.0,76.2,0.1,0.01
11:01:39,32.2,76.6,0.04,0.01
11:01:39,32.2,76.6,0.04,0.01
11:01:40,28.5,76.5,0.02,0.01
11:01:40,28.5,76.5,0.02,0.01
11:01:42,14.3,76.3,0.01,0.01
11:01:42,14.3,76.3,0.01,0.01
11:01:44,16.4,76.1,0.01,0.0
11:01:44,16.4,76.1,0.01,0.0
11:01:46,16.6,76.4,0.04,0.01
11:01:46,16.6,76.4,0.04,0.01
11:01:48,27.4,76.2,0.03,0.02
11:01:48,27.4,76.2,0.03,0.02
11:01:50,22.4,76.1,0.0,0.0
11:01:50,22.4,76.1,0.0,0.0
11:01:52,22.6,76.2,0.01,0.01
11:01:52,22.6,76.2,0.01,0.01
11:01:54,16.4,76.1,0.0,0.01
11:01:54,16.4,76.1,0.0,0.01
11:01:56,15.8,75.7,0.0,0.0
11:01:56,15.8,75.7,0.0,0.0
11:01:58,25.6,75.8,0.01,0.01
11:01:58,25.6,75.8,0.01,0.01
11:02:00,23.6,75.6,0.01,0.01
11:02:00,23.6,75.6,0.01,0.01
11:02:02,22.7,75.6,0.0,0.0
11:02:02,22.7,75.6,0.0,0.0
11:02:04,21.4,75.5,0.01,0.01
11:02:04,21.4,75.5,0.01,0.01
11:02:06,26.5,76.3,0.01,0.01
11:02:06,26.5,76.3,0.01,0.01
11:02:09,24.5,78.0,0.01,0.02
11:02:09,24.5,78.0,0.01,0.02
11:02:10,28.9,78.0,0.01,0.01
11:02:10,28.9,78.0,0.01,0.01
11:02:12,12.9,78.1,0.01,0.01
11:02:12,12.9,78.1,0.01,0.01
11:02:14,16.2,78.1,0.01,0.02
11:02:14,16.2,78.1,0.01,0.02
11:02:16,19.5,78.4,0.03,0.39
11:02:16,19.5,78.4,0.03,0.39
11:02:18,44.4,79.7,0.08,0.83
11:02:18,44.4,79.7,0.08,0.83
11:02:20,24.6,80.2,0.04,0.36
11:02:20,24.6,80.2,0.04,0.36
11:02:22,20.1,80.1,0.04,0.19
11:02:22,20.1,80.1,0.04,0.19
11:02:24,13.5,80.3,0.01,0.19
11:02:24,13.5,80.3,0.01,0.19
11:02:26,12.8,79.5,0.01,0.17
11:02:26,12.8,79.5,0.01,0.17
11:02:28,7.0,79.4,0.01,0.15
11:02:28,7.0,79.4,0.01,0.15
11:02:30,14.6,79.3,0.01,0.17
11:02:30,14.6,79.3,0.01,0.17
11:02:32,17.3,79.6,0.02,0.26
11:02:32,17.3,79.6,0.02,0.26
11:02:34,20.6,79.3,0.02,0.19
11:02:34,20.6,79.3,0.02,0.19
11:02:37,19.3,79.6,0.01,0.21
11:02:37,19.3,79.6,0.01,0.21
11:03:38,27.2,81.2,0.01,0.27
11:03:38,27.2,81.2,0.01,0.27
11:04:38,0.0,79.7,0.02,0.11
11:04:38,0.0,79.7,0.02,0.11
11:05:37,13.4,79.8,0.03,0.65
11:05:37,13.4,79.8,0.03,0.65
11:06:58,0.0,79.9,0.01,0.01
11:06:58,0.0,79.9,0.01,0.01
11:07:08,10.7,79.9,0.0,0.01
11:07:08,10.7,79.9,0.0,0.01
11:07:09,18.8,79.6,0.0,0.0
11:07:09,18.8,79.6,0.0,0.0
11:07:12,15.5,79.6,0.0,0.01
11:07:12,15.5,79.6,0.0,0.01
11:07:13,17.4,79.6,0.0,0.0
11:07:13,17.4,79.6,0.0,0.0
11:09:30,17.7,78.6,0.02,0.1
11:09:30,17.7,78.6,0.02,0.1
